{"cameraMode":{"drawMode":0,"name":"Shaded","section":"Shading Mode"},"sceneLighting":false,"audioPlay":false,"sceneViewState":{"m_AlwaysRefresh":false,"showFog":true,"showSkybox":true,"showFlares":true,"showImageEffects":true,"showParticleSystems":true,"showVisualEffectGraphs":true,"m_FxEnabled":true},"in2DMode":false,"pivot":{"x":0.6016528606414795,"y":0.4500960409641266,"z":1.8627986907958985},"rotation":{"x":-0.1339450478553772,"y":0.22561229765415193,"z":-0.03133402392268181,"w":-0.9644445180892944},"size":2.3615527153015138,"orthographic":false}