{"cameraMode":{"drawMode":0,"name":"Shaded","section":"Shading Mode"},"sceneLighting":false,"audioPlay":false,"sceneViewState":{"m_AlwaysRefresh":false,"showFog":true,"showSkybox":true,"showFlares":true,"showImageEffects":true,"showParticleSystems":true,"showVisualEffectGraphs":true,"m_FxEnabled":true},"in2DMode":false,"pivot":{"x":-0.06149241700768471,"y":0.5530789494514465,"z":1.0308572053909302},"rotation":{"x":-0.1172751933336258,"y":0.35641661286354067,"z":-0.0451536662876606,"w":-0.9258345365524292},"size":2.278707981109619,"orthographic":false}